Día,Visitantes web
16/3/20,12
17/3/20,14
18/3/20,4
19/3/20,9
20/3/20,8
21/3/20,9
22/3/20,21
23/3/20,8
24/3/20,18
25/3/20,24
26/3/20,16
27/3/20,12
28/3/20,9
29/3/20,5
30/3/20,10
31/3/20,17
1/4/20,6
2/4/20,27
3/4/20,15
4/4/20,17
5/4/20,9
6/4/20,8
7/4/20,16
8/4/20,10
9/4/20,17
10/4/20,24
11/4/20,11
12/4/20,22
13/4/20,17
14/4/20,20
15/4/20,18
16/4/20,7
17/4/20,23
18/4/20,19
19/4/20,18
20/4/20,8
21/4/20,23
22/4/20,16
23/4/20,33
24/4/20,12
25/4/20,11
26/4/20,9
27/4/20,13
28/4/20,9
29/4/20,15
30/4/20,14
1/5/20,29
2/5/20,15
3/5/20,13
4/5/20,18
5/5/20,13
6/5/20,15
7/5/20,21
8/5/20,28
9/5/20,30
10/5/20,20
11/5/20,17
12/5/20,17
13/5/20,16
14/5/20,24
15/5/20,19
16/5/20,14
17/5/20,23
18/5/20,23
19/5/20,18
20/5/20,40
21/5/20,20
22/5/20,14
23/5/20,20
24/5/20,19
25/5/20,24
26/5/20,19
27/5/20,28
28/5/20,24
29/5/20,19
30/5/20,31
31/5/20,28
1/6/20,23
2/6/20,36
3/6/20,36
4/6/20,25
5/6/20,31
6/6/20,17
7/6/20,33
8/6/20,33
9/6/20,40
10/6/20,26
11/6/20,36
12/6/20,28
13/6/20,27
14/6/20,26
